Country,Job-Description,Link

Finland,Salesforce Consultants,https://www.accenture.com/fi-en/careers/jobdetails?id=R00001389_en&title=Salesforce+Consultants

Deutschland,Trainee Google Cloud Consulting (all genders),https://www.accenture.com/de-de/careers/jobdetails?id=R00000941_de&title=Trainee+Google+Cloud+Consulting+(all+genders)

Deutschland,Trainee Cloud & Infrastructure Consulting (all genders),https://www.accenture.com/de-de/careers/jobdetails?id=R00001014_de&title=Trainee+Cloud+%26+Infrastructure+Consulting+(all+genders)

Deutschland,IT Quereinstieg Cloud Trainee (all genders),https://www.accenture.com/de-de/careers/jobdetails?id=R00036148_de&title=IT+Quereinstieg+Cloud+Trainee+(all+genders)

Deutschland,Trainee Workday Consulting (all genders),https://www.accenture.com/de-de/careers/jobdetails?id=R00015713_de&title=Trainee+Workday+Consulting+(all+genders)

Deutschland,IT Quereinstieg als Trainee (all genders) Java,https://www.accenture.com/de-de/careers/jobdetails?id=R00008441_de&title=IT+Quereinstieg+als+Trainee+(all+genders)+Java

Deutschland,Trainee Software & Data Engineering (all genders),https://www.accenture.com/de-de/careers/jobdetails?id=R00036633_de&title=Trainee+Software+%26+Data+Engineering+(all+genders)

Deutschland,Trainee Cloud Developer & Consulting (Amazon Web Services) (all genders),https://www.accenture.com/de-de/careers/jobdetails?id=R00000988_de&title=Trainee+Cloud+Developer+%26+Consulting+(Amazon+Web+Services)+(all+genders)

Hungary,Graduate Azure Data Engineer,https://www.accenture.com/hu-en/careers/jobdetails?id=R00005947_en&title=Graduate+Azure+Data+Engineer

Hungary,Experienced Azure Data Engineer,https://www.accenture.com/hu-en/careers/jobdetails?id=R00005938_en&title=Experienced+Azure+Data+Engineer

Hungary,Junior IoT Engineer for Fresh Graduates,https://www.accenture.com/hu-en/careers/jobdetails?id=R00005019_en&title=Junior+IoT+Engineer+for+Fresh+Graduates

Hungary,Junior IoT Engineer,https://www.accenture.com/hu-en/careers/jobdetails?id=R00004823_en&title=Junior+IoT+Engineer

Hungary,Junior Azure Data Engineer,https://www.accenture.com/hu-en/careers/jobdetails?id=R00005957_en&title=Junior+Azure+Data+Engineer

Hungary,Senior IoT Engineer,https://www.accenture.com/hu-en/careers/jobdetails?id=R00004792_en&title=Senior+IoT+Engineer

India,ServiceNow IT Service Management Application Designer,https://www.accenture.com/in-en/careers/jobdetails?id=245871_india_1&title=ServiceNow+IT+Service+Management+Application+Designer

India,ServiceNow IT Service Management Application Designer,https://www.accenture.com/in-en/careers/jobdetails?id=245870_india_1&title=ServiceNow+IT+Service+Management+Application+Designer

India,SAP Master Data Migration Application Developer,https://www.accenture.com/in-en/careers/jobdetails?id=251644_india_1&title=SAP+Master+Data+Migration+Application+Developer

India,ServiceNow IT Service Management Application Designer,https://www.accenture.com/in-en/careers/jobdetails?id=245869_india_1&title=ServiceNow+IT+Service+Management+Application+Designer

India,ServiceNow IT Service Management Application Designer,https://www.accenture.com/in-en/careers/jobdetails?id=245876_india_1&title=ServiceNow+IT+Service+Management+Application+Designer

India,ServiceNow IT Service Management Application Designer,https://www.accenture.com/in-en/careers/jobdetails?id=365054_india_1&title=ServiceNow+IT+Service+Management+Application+Designer

Netherlands,Traineeship Data & Technology,https://www.accenture.com/nl-en/careers/jobdetails?id=R00035092_en&title=Traineeship+Data+%26+Technology

Norway,Accenture ï¿½ Applied Intelligence - Full Stack Data Scientist,https://www.accenture.com/no-en/careers/jobdetails?id=R00001514_en&title=Accenture+%e2%80%93+Applied+Intelligence+-+Full+Stack+Data+Scientist

Philippines,Training and Development,https://www.accenture.com/ph-en/careers/jobdetails?id=1492_philippines_2&title=Training+and+Development

Philippines,Training and Development,https://www.accenture.com/ph-en/careers/jobdetails?id=3381_philippines_2&title=Training+and+Development

Poland,Trainee in Learning & Development Team,https://www.accenture.com/pl-en/careers/jobdetails?id=R00036756_en&title=Trainee+in+Learning+%26+Development+Team

Poland,Trainee in Learning & Development Team,https://www.accenture.com/pl-en/careers/jobdetails?id=R00036765_en&title=Trainee+in+Learning+%26+Development+Team

Romania,Junior Azure Data Engineer,https://www.accenture.com/ro-en/careers/jobdetails?id=R00018612_en&title=Junior+Azure+Data+Engineer

Romania,Experienced Azure Data Engineer,https://www.accenture.com/ro-en/careers/jobdetails?id=R00017404_en&title=Experienced+Azure+Data+Engineer

Slovakia,Junior Oracle EPM Cloud Consultant (building new EPM Platform in Slovakia),https://www.accenture.com/sk-en/careers/jobdetails?id=R00012904_en&title=Junior+Oracle+EPM+Cloud+Consultant+(building+new+EPM+Platform+in+Slovakia)

Slovakia,SQL Developer READY FOR NEXT LEVEL?,https://www.accenture.com/sk-en/careers/jobdetails?id=R00002227_en&title=SQL+Developer+READY+FOR+NEXT+LEVEL%3f

Slovakia,Graduate Azure Data Engineer [Bratislava or Remote],https://www.accenture.com/sk-en/careers/jobdetails?id=R00002097_en&title=Graduate+Azure+Data+Engineer+%5bBratislava+or+Remote%5d

Slovakia,Junior_IoT Engineer [Online/phone recruitment],https://www.accenture.com/sk-en/careers/jobdetails?id=R00001701_en&title=Junior_IoT+Engineer+%5bOnline%2fphone+recruitment%5d

Slovakia,Junior Azure Data Engineer [Bratislava or Remote],https://www.accenture.com/sk-en/careers/jobdetails?id=R00002070_en&title=Junior+Azure+Data+Engineer+%5bBratislava+or+Remote%5d

Slovakia,Junior Azure Data Engineer [Kosice or Remote],https://www.accenture.com/sk-en/careers/jobdetails?id=R00001971_en&title=Junior+Azure+Data+Engineer+%5bKosice+or+Remote%5d

Slovakia,Graduate Azure Data Engineer [Kosice or Remote],https://www.accenture.com/sk-en/careers/jobdetails?id=R00002001_en&title=Graduate+Azure+Data+Engineer+%5bKosice+or+Remote%5d

Slovakia,Experienced Azure Data Engineer [Kosice or Remote],https://www.accenture.com/sk-en/careers/jobdetails?id=R00001935_en&title=Experienced+Azure+Data+Engineer+%5bKosice+or+Remote%5d

Slovakia,Experienced_IoT Engineer [Online/phone recruitment],https://www.accenture.com/sk-en/careers/jobdetails?id=R00001721_en&title=Experienced_IoT+Engineer+%5bOnline%2fphone+recruitment%5d

Sweden,Full Stack Data Scientist to Accentures Applied Intelligence practice,https://www.accenture.com/se-en/careers/jobdetails?id=R00021760_en&title=Full+Stack+Data+Scientist+to+Accentures+Applied+Intelligence+practice

Switzerland,Trainee Junior Software Engineer / Entwickler (all genders),https://www.accenture.com/ch-en/careers/jobdetails?id=R00000847_en&title=Trainee+Junior+Software+Engineer+%2f+Entwickler+(all+genders)

United Kingdom,Cloud Network Consultant (SDWAN & DC),https://www.accenture.com/gb-en/careers/jobdetails?id=R00005133_en&title=Cloud+Network+Consultant+(SDWAN+%26+DC)

United Kingdom,Health Industry Management Consulting Manager,https://www.accenture.com/gb-en/careers/jobdetails?id=R00025696_en&title=Health+Industry+Management+Consulting+Manager

USA,"Cloud Software Engineering Trainee - Java, Full Stack",https://www.accenture.com/us-en/careers/jobdetails?id=R00034274_en&title=Cloud+Software+Engineering+Trainee+-+Java%2c+Full+Stack


