Country,Job-Description,Link
Argentina (Spanish),CONTROL DE GESTION – ANALISTA CON ITALIANO,https://www.accenture.com/ar-es/careers/jobdetails?id=R00023951_es&title=CONTROL+DE+GESTION+%e2%80%93+ANALISTA+CON+ITALIANO
Argentina (Spanish),Gbl Corp Function Fin Analyst GS,https://www.accenture.com/ar-es/careers/jobdetails?id=R00033700_es&title=Gbl+Corp+Function+Fin+Analyst+GS
Argentina (Spanish),Analyst,https://www.accenture.com/ar-es/careers/jobdetails?id=R00033376_es&title=Analyst
Argentina (Spanish),Project Manager JR,https://www.accenture.com/ar-es/careers/jobdetails?id=9632934_es&title=Project+Manager+JR
Argentina (Spanish),Country Controllership Associate,https://www.accenture.com/ar-es/careers/jobdetails?id=R00040361_es&title=Country+Controllership+Associate
Argentina (Spanish),Executive Assistant with English,https://www.accenture.com/ar-es/careers/jobdetails?id=R00031934_es&title=Executive+Assistant+with+English
Argentina (Spanish),Geographic Forecasting Complex Engagements Tax Practice Analyst,https://www.accenture.com/ar-es/careers/jobdetails?id=R00043379_es&title=Geographic+Forecasting+Complex+Engagements+Tax+Practice+Analyst
Argentina (Spanish),Project Control Services Practitioner Copy 01,https://www.accenture.com/ar-es/careers/jobdetails?id=9642237_es&title=Project+Control+Services+Practitioner+Copy+01
Argentina (Spanish),Project Control Services Practitioner,https://www.accenture.com/ar-es/careers/jobdetails?id=9655238_es&title=Project+Control+Services+Practitioner
Australia (English),Test Analyst,https://www.accenture.com/au-en/careers/jobdetails?id=9620427_en&title=Test+Analyst
Australia (English),Application Development Associate,https://www.accenture.com/au-en/careers/jobdetails?id=R00038461_en&title=Application+Development+Associate
Australia (English),Application Development Associate,https://www.accenture.com/au-en/careers/jobdetails?id=R00038152_en&title=Application+Development+Associate
Australia (English),Ops Consulting & Transformation Analyst,https://www.accenture.com/au-en/careers/jobdetails?id=9592379_en&title=Ops+Consulting+%26+Transformation+Analyst
Australia (English),Application Development Associate,https://www.accenture.com/au-en/careers/jobdetails?id=R00038147_en&title=Application+Development+Associate
Australia (English),*Technical Business Analyst*,https://www.accenture.com/au-en/careers/jobdetails?id=9354958_en&title=*Technical+Business+Analyst*
Australia (English),FY21-TEC-ADE,https://www.accenture.com/au-en/careers/jobdetails?id=R00021628_en&title=FY21-TEC-ADE
Australia (English),Business Analyst,https://www.accenture.com/au-en/careers/jobdetails?id=8826067_en&title=Business+Analyst
Australia (English),*Cloud migration and Implementation Analyst/Sr Analyst. (Business Process)*,https://www.accenture.com/au-en/careers/jobdetails?id=R00029688_en&title=*Cloud+migration+and+Implementation+Analyst%2fSr+Analyst.+(Business+Process)*
Belgium (English),Young Graduate in Infrastructure & Cloud Services (graduation year 2021),https://www.accenture.com/be-en/careers/jobdetails?id=R00012503_en&title=Young+Graduate+in+Infrastructure+%26+Cloud+Services+(graduation+year+2021)
Belgium (English),Business & Technology Internship (Graduating in 2022),https://www.accenture.com/be-en/careers/jobdetails?id=R00009412_en&title=Business+%26+Technology+Internship+(Graduating+in+2022)
Belgium (English),Young Graduates in Technology,https://www.accenture.com/be-en/careers/jobdetails?id=R00003665_en&title=Young+Graduates+in+Technology
Belgium (English),Internship in Technology,https://www.accenture.com/be-en/careers/jobdetails?id=R00004075_en&title=Internship+in+Technology
Belgium (English),Recruitment Internship,https://www.accenture.com/be-en/careers/jobdetails?id=R00011612_en&title=Recruitment+Internship
Belgium (English),Young Graduates in Sales,https://www.accenture.com/be-en/careers/jobdetails?id=R00023409_en&title=Young+Graduates+in+Sales
Belgium (English),Strategy&Consulting Internship program,https://www.accenture.com/be-en/careers/jobdetails?id=R00011544_en&title=Strategy%26Consulting+Internship+program
Bulgaria (English),Web Developer (Server-Side JavaScript) in Varna,https://www.accenture.com/bg-en/careers/jobdetails?id=R00012391_en&title=Web+Developer+(Server-Side+JavaScript)+in+Varna
Bulgaria (English),Claims adjuster with Italian,https://www.accenture.com/bg-en/careers/jobdetails?id=R00013209_en&title=Claims+adjuster+with+Italian
Bulgaria (English),DevOps Engineer,https://www.accenture.com/bg-en/careers/jobdetails?id=R00004110_en&title=DevOps+Engineer
Bulgaria (English),JavaScript Developer (STIBO PIM),https://www.accenture.com/bg-en/careers/jobdetails?id=R00011277_en&title=JavaScript+Developer+(STIBO+PIM)
Bulgaria (English),"Java Developers (Remote, Ruse)",https://www.accenture.com/bg-en/careers/jobdetails?id=R00012369_en&title=Java+Developers+(Remote%2c+Ruse)
Bulgaria (English),"Java Developers (Remote, Varna)",https://www.accenture.com/bg-en/careers/jobdetails?id=R00012362_en&title=Java+Developers+(Remote%2c+Varna)
Bulgaria (English),Front-End Developer,https://www.accenture.com/bg-en/careers/jobdetails?id=R00005893_en&title=Front-End+Developer
Bulgaria (English),Data Engineer,https://www.accenture.com/bg-en/careers/jobdetails?id=R00008257_en&title=Data+Engineer
Bulgaria (English),TG Germany: Document Processing Associate,https://www.accenture.com/bg-en/careers/jobdetails?id=9641609_en&title=TG+Germany%3a+Document+Processing+Associate
Canada (English),Customer Service Associate,https://www.accenture.com/ca-en/careers/jobdetails?id=R00035814_en&title=Customer+Service+Associate
Canada (English),Customer Service Associate,https://www.accenture.com/ca-en/careers/jobdetails?id=R00035925_en&title=Customer+Service+Associate
Canada (English),Accenture Strategy Analyst Development Program - Strategy Summer Analyst - Former Summer Analyst - Montreal,https://www.accenture.com/ca-en/careers/jobdetails?id=R00042666_en&title=Accenture+Strategy+Analyst+Development+Program+-+Strategy+Summer+Analyst+-+Former+Summer+Analyst+-+Montreal
Canada (English),Client Financial Mgmt Analyst,https://www.accenture.com/ca-en/careers/jobdetails?id=R00037439_en&title=Client+Financial+Mgmt+Analyst
Canada (English),Executive Assistant,https://www.accenture.com/ca-en/careers/jobdetails?id=00892872_en&title=Executive+Assistant
Canada (English),Desktop Support Analyst (Cloud Technical Support),https://www.accenture.com/ca-en/careers/jobdetails?id=9448102_en&title=Desktop+Support+Analyst+(Cloud+Technical+Support)
Canada (English),Financial Project Control Analyst,https://www.accenture.com/ca-en/careers/jobdetails?id=9373708_en&title=Financial+Project+Control+Analyst
Canada (English),Analyst Development Program - Summer Analyst - Former Summer Analyst,https://www.accenture.com/ca-en/careers/jobdetails?id=R00041746_en&title=Analyst+Development+Program+-+Summer+Analyst+-+Former+Summer+Analyst
Canada (English),Analyst Development Program - Summer Analyst - Former Summer Analyst - Montreal,https://www.accenture.com/ca-en/careers/jobdetails?id=R00042652_en&title=Analyst+Development+Program+-+Summer+Analyst+-+Former+Summer+Analyst+-+Montreal
Canada (French),Adjoint(e) de direction,https://www.accenture.com/ca-fr/careers/jobdetails?id=00892871_fr&title=Adjoint(e)+de+direction
Canada (French),Analyste de contrôle de projet financier,https://www.accenture.com/ca-fr/careers/jobdetails?id=9373708_fr&title=Analyste+de+contr%c3%b4le+de+projet+financier
Chile (Spanish),Business Analyst,https://www.accenture.com/cl-es/careers/jobdetails?id=9646940_es&title=Business+Analyst
Chile (Spanish),Analista Funcional Tibco,https://www.accenture.com/cl-es/careers/jobdetails?id=R00030847_es&title=Analista+Funcional+Tibco
Chile (Spanish),Business and Integration Architect XHQ,https://www.accenture.com/cl-es/careers/jobdetails?id=9383441_es&title=Business+and+Integration+Architect+XHQ
Chile (Spanish),Analista Funcional Liferay,https://www.accenture.com/cl-es/careers/jobdetails?id=R00030849_es&title=Analista+Funcional+Liferay
Chile (Spanish),Desarrollador Jboss,https://www.accenture.com/cl-es/careers/jobdetails?id=R00030851_es&title=Desarrollador+Jboss
Chile (Spanish),Desarrollador Visual Basic,https://www.accenture.com/cl-es/careers/jobdetails?id=R00030848_es&title=Desarrollador+Visual+Basic
Chile (Spanish),Desarrollador(a) Java y JavaScript,https://www.accenture.com/cl-es/careers/jobdetails?id=R00030843_es&title=Desarrollador(a)+Java+y+JavaScript
Chile (Spanish),Infrastructure Support Engineer,https://www.accenture.com/cl-es/careers/jobdetails?id=R00034582_es&title=Infrastructure+Support+Engineer
Chile (Spanish),Desarrollador Front end,https://www.accenture.com/cl-es/careers/jobdetails?id=R00036649_es&title=Desarrollador+Front+end
China/Mainland (English),Medical Services Associate,https://www.accenture.com/cn-en/careers/jobdetails?id=9544206_en&title=Medical+Services+Associate
China/Mainland (English),ITC - Collection,https://www.accenture.com/cn-en/careers/jobdetails?id=9647536_en&title=ITC+-+Collection
China/Mainland (English),Transaction Processing Associate,https://www.accenture.com/cn-en/careers/jobdetails?id=9575166_en&title=Transaction+Processing+Associate
China/Mainland (English),Medical Services Associate,https://www.accenture.com/cn-en/careers/jobdetails?id=9544199_en&title=Medical+Services+Associate
China/Mainland (English),RTR,https://www.accenture.com/cn-en/careers/jobdetails?id=9652782_en&title=RTR
China/Mainland (English),Corporate - GBSN China Workplace Corporate Service Analyst (Japan Team),https://www.accenture.com/cn-en/careers/jobdetails?id=R00039433_en&title=Corporate+-+GBSN+China+Workplace+Corporate+Service+Analyst+(Japan+Team)
China/Mainland (English),Procurement/Supply Chain,https://www.accenture.com/cn-en/careers/jobdetails?id=R00001720_en&title=Procurement%2fSupply+Chain
China/Mainland (English),CN AP-Mailroom,https://www.accenture.com/cn-en/careers/jobdetails?id=9615599_en&title=CN+AP-Mailroom
China/Mainland (English),IT Operations Analyst,https://www.accenture.com/cn-en/careers/jobdetails?id=9581055_en&title=IT+Operations+Analyst
China/Hong Kong SAR (English),Medical Services Associate,https://www.accenture.com/hk-en/careers/jobdetails?id=9544206_en&title=Medical+Services+Associate
China/Hong Kong SAR (English),ITC - Collection,https://www.accenture.com/hk-en/careers/jobdetails?id=9647536_en&title=ITC+-+Collection
China/Hong Kong SAR (English),Transaction Processing Associate,https://www.accenture.com/hk-en/careers/jobdetails?id=9575166_en&title=Transaction+Processing+Associate
China/Hong Kong SAR (English),Medical Services Associate,https://www.accenture.com/hk-en/careers/jobdetails?id=9544199_en&title=Medical+Services+Associate
China/Hong Kong SAR (English),RTR,https://www.accenture.com/hk-en/careers/jobdetails?id=9652782_en&title=RTR
China/Hong Kong SAR (English),Corporate - GBSN China Workplace Corporate Service Analyst (Japan Team),https://www.accenture.com/hk-en/careers/jobdetails?id=R00039433_en&title=Corporate+-+GBSN+China+Workplace+Corporate+Service+Analyst+(Japan+Team)
China/Hong Kong SAR (English),Procurement/Supply Chain,https://www.accenture.com/hk-en/careers/jobdetails?id=R00001720_en&title=Procurement%2fSupply+Chain
China/Hong Kong SAR (English),CN AP-Mailroom,https://www.accenture.com/hk-en/careers/jobdetails?id=9615599_en&title=CN+AP-Mailroom
China/Hong Kong SAR (English),IT Operations Analyst,https://www.accenture.com/hk-en/careers/jobdetails?id=9581055_en&title=IT+Operations+Analyst
Colombia (Spanish),Intern Challenge Day - Practicantes Marketing Digital,https://www.accenture.com/co-es/careers/jobdetails?id=R00039956_es&title=Intern+Challenge+Day+-+Practicantes+Marketing+Digital
Colombia (Spanish),Data Engineering Analyst,https://www.accenture.com/co-es/careers/jobdetails?id=R00029602_es&title=Data+Engineering+Analyst
Colombia (Spanish),Backend Developer-Junior,https://www.accenture.com/co-es/careers/jobdetails?id=R00035037_es&title=Backend+Developer-Junior
Colombia (Spanish),Data Science Practitioner,https://www.accenture.com/co-es/careers/jobdetails?id=R00029581_es&title=Data+Science+Practitioner
Colombia (Spanish),Test Performance Engineer,https://www.accenture.com/co-es/careers/jobdetails?id=R00029597_es&title=Test+Performance+Engineer
Colombia (Spanish),Intern Challenge Day - Practicantes Talent Connector,https://www.accenture.com/co-es/careers/jobdetails?id=R00042719_es&title=Intern+Challenge+Day+-+Practicantes+Talent+Connector
Colombia (Spanish),Intern Challenge Day - Practicantes Diseño,https://www.accenture.com/co-es/careers/jobdetails?id=R00039959_es&title=Intern+Challenge+Day+-+Practicantes+Dise%c3%b1o
Colombia (Spanish),Desarrollador Frontend,https://www.accenture.com/co-es/careers/jobdetails?id=R00039999_es&title=Desarrollador+Frontend
Colombia (Spanish),Full Stack Engineer,https://www.accenture.com/co-es/careers/jobdetails?id=R00029610_es&title=Full+Stack+Engineer
Costa Rica (English),Transaction Processing Representative,https://www.accenture.com/cr-en/careers/jobdetails?id=9633236_en&title=Transaction+Processing+Representative
Costa Rica (English),Junior Process Analyst,https://www.accenture.com/cr-en/careers/jobdetails?id=9359048_en&title=Junior+Process+Analyst
Costa Rica (English),Transaction Processing Representative,https://www.accenture.com/cr-en/careers/jobdetails?id=9633229_en&title=Transaction+Processing+Representative
Costa Rica (English),Transaction Processing Representative,https://www.accenture.com/cr-en/careers/jobdetails?id=9633233_en&title=Transaction+Processing+Representative
Costa Rica (English),Web Developer Intermediate Analyst,https://www.accenture.com/cr-en/careers/jobdetails?id=9637826_en&title=Web+Developer+Intermediate+Analyst
Costa Rica (English),Quality Assurance Associate of Incident Management,https://www.accenture.com/cr-en/careers/jobdetails?id=9595339_en&title=Quality+Assurance+Associate+of+Incident+Management
Costa Rica (English),Virtual Assistant,https://www.accenture.com/cr-en/careers/jobdetails?id=9591765_en&title=Virtual+Assistant
Costa Rica (English),Media & Graphics Design Analyst,https://www.accenture.com/cr-en/careers/jobdetails?id=9480118_en&title=Media+%26+Graphics+Design+Analyst
Costa Rica (English),Collections Process Associate  North America,https://www.accenture.com/cr-en/careers/jobdetails?id=9574068_en&title=Collections+Process+Associate++North+America
Czech Republic (English),Receivables professional with Italian,https://www.accenture.com/cz-en/careers/jobdetails?id=R00042346_en&title=Receivables+professional+with+Italian
Czech Republic (English),Talent Scout,https://www.accenture.com/cz-en/careers/jobdetails?id=R00032586_en&title=Talent+Scout
Czech Republic (English),Order to Cash Clerk with Dutch,https://www.accenture.com/cz-en/careers/jobdetails?id=R00043180_en&title=Order+to+Cash+Clerk+with+Dutch
Czech Republic (English),Procure to Pay Clerk with Hungarian,https://www.accenture.com/cz-en/careers/jobdetails?id=9427564_en&title=Procure+to+Pay+Clerk+with+Hungarian
Czech Republic (English),Technology Recruiter,https://www.accenture.com/cz-en/careers/jobdetails?id=R00040592_en&title=Technology+Recruiter
Czech Republic (English),Controllership Analyst with Polish,https://www.accenture.com/cz-en/careers/jobdetails?id=R00010250_en&title=Controllership+Analyst+with+Polish
Czech Republic (English),Infrastructure Security Engineer,https://www.accenture.com/cz-en/careers/jobdetails?id=R00037184_en&title=Infrastructure+Security+Engineer
Czech Republic (English),HR Senior Advisor - Contact Center with Dutch,https://www.accenture.com/cz-en/careers/jobdetails?id=9301427_en&title=HR+Senior+Advisor+-+Contact+Center+with+Dutch
Czech Republic (English),Procurement Operations Representative with Polish,https://www.accenture.com/cz-en/careers/jobdetails?id=9352348_en&title=Procurement+Operations+Representative+with+Polish
Denmark (English),Technology Consulting Graduate – turn your passion into an exciting career journey,https://www.accenture.com/dk-en/careers/jobdetails?id=R00011159_en&title=Technology+Consulting+Graduate+%e2%80%93+turn+your+passion+into+an+exciting+career+journey
Denmark (English),Customer Experience Team / Reception,https://www.accenture.com/dk-en/careers/jobdetails?id=R00042517_en&title=Customer+Experience+Team+%2f+Reception
Denmark (English),Executive Support Assistant,https://www.accenture.com/dk-en/careers/jobdetails?id=R00027461_en&title=Executive+Support+Assistant
Denmark (English),Graduates pursuing a career as Security Consultants,https://www.accenture.com/dk-en/careers/jobdetails?id=R00014052_en&title=Graduates+pursuing+a+career+as+Security+Consultants
Finland (English),Analysts & Consultants to Technology Strategy and Advisory team Finland,https://www.accenture.com/fi-en/careers/jobdetails?id=R00001318_en&title=Analysts+%26+Consultants+to+Technology+Strategy+and+Advisory+team+Finland
Finland (English),Accenture Security Internship Program - Spring 2022,https://www.accenture.com/fi-en/careers/jobdetails?id=R00041994_en&title=Accenture+Security+Internship+Program+-+Spring+2022
Finland (English),Accenture Strategy & Consulting Internship Program - Spring 2022,https://www.accenture.com/fi-en/careers/jobdetails?id=R00042023_en&title=Accenture+Strategy+%26+Consulting+Internship+Program+-+Spring+2022
Finland (English),Identity and Access Management -konsultti,https://www.accenture.com/fi-en/careers/jobdetails?id=R00041216_en&title=Identity+and+Access+Management+-konsultti
Finland (English),Accenture Creative & Design Internship Program - Spring 2022,https://www.accenture.com/fi-en/careers/jobdetails?id=R00042002_en&title=Accenture+Creative+%26+Design+Internship+Program+-+Spring+2022
Finland (English),Tietoturvatestaaja,https://www.accenture.com/fi-en/careers/jobdetails?id=R00038179_en&title=Tietoturvatestaaja
Finland (English),Functional Analyst,https://www.accenture.com/fi-en/careers/jobdetails?id=R00000686_en&title=Functional+Analyst
Finland (English),Accenture Technology Internship Program - Spring 2022,https://www.accenture.com/fi-en/careers/jobdetails?id=R00041988_en&title=Accenture+Technology+Internship+Program+-+Spring+2022
Finland (English),Cyber Defence Developer,https://www.accenture.com/fi-en/careers/jobdetails?id=R00021120_en&title=Cyber+Defence+Developer
Greece (English),Capability Network - FP&A Analyst,https://www.accenture.com/gr-en/careers/jobdetails?id=R00004189_en&title=Capability+Network+-+FP%26A+Analyst
Greece (English),Junior Software Engineer in Thessaloniki,https://www.accenture.com/gr-en/careers/jobdetails?id=R00004466_en&title=Junior+Software+Engineer+in+Thessaloniki
Greece (English),Back End Developer for Data Science,https://www.accenture.com/gr-en/careers/jobdetails?id=R00004641_en&title=Back+End+Developer+for+Data+Science
Greece (English),Junior Software Engineer in Athens,https://www.accenture.com/gr-en/careers/jobdetails?id=R00006560_en&title=Junior+Software+Engineer+in+Athens
Greece (English),Digital Business Analyst,https://www.accenture.com/gr-en/careers/jobdetails?id=R00007039_en&title=Digital+Business+Analyst
Greece (English),Senior Java Developer in Athens,https://www.accenture.com/gr-en/careers/jobdetails?id=R00004718_en&title=Senior+Java+Developer+in+Athens
Greece (English),Software Engineering Specialist in Data Science,https://www.accenture.com/gr-en/careers/jobdetails?id=R00038168_en&title=Software+Engineering+Specialist+in+Data+Science
Greece (English),Technology Consultant in Banking Sector,https://www.accenture.com/gr-en/careers/jobdetails?id=R00005968_en&title=Technology+Consultant+in+Banking+Sector
Greece (English),Front End Developer for Data Science,https://www.accenture.com/gr-en/careers/jobdetails?id=R00004652_en&title=Front+End+Developer+for+Data+Science
Hungary (English),Junior Data Visualization Developer,https://www.accenture.com/hu-en/careers/jobdetails?id=R00019709_en&title=Junior+Data+Visualization+Developer
Hungary (English),Junior developer,https://www.accenture.com/hu-en/careers/jobdetails?id=R00025279_en&title=Junior+developer
Hungary (English),SAP ABAP Developer,https://www.accenture.com/hu-en/careers/jobdetails?id=R00013227_en&title=SAP+ABAP+Developer
Hungary (English),Junior Cloud Engineer,https://www.accenture.com/hu-en/careers/jobdetails?id=R00022710_en&title=Junior+Cloud+Engineer
Hungary (English),Senior IoT Engineer,https://www.accenture.com/hu-en/careers/jobdetails?id=R00004792_en&title=Senior+IoT+Engineer
Hungary (English),Industrial Automation Engineer,https://www.accenture.com/hu-en/careers/jobdetails?id=R00013409_en&title=Industrial+Automation+Engineer
Hungary (English),SAP CO Consultant/Lead,https://www.accenture.com/hu-en/careers/jobdetails?id=R00022328_en&title=SAP+CO+Consultant%2fLead
Hungary (English),Junior SAP consultant,https://www.accenture.com/hu-en/careers/jobdetails?id=R00035850_en&title=Junior+SAP+consultant
Hungary (English),Junior IoT Engineer,https://www.accenture.com/hu-en/careers/jobdetails?id=R00004823_en&title=Junior+IoT+Engineer
Indonesia (English),Recruiting Analyst,https://www.accenture.com/id-en/careers/jobdetails?id=R00020292_en&title=Recruiting+Analyst
Indonesia (English),SAP ABAP (Semarang Delivery Center),https://www.accenture.com/id-en/careers/jobdetails?id=R00039738_en&title=SAP+ABAP+(Semarang+Delivery+Center)
Indonesia (English),Graduate Technology Analyst,https://www.accenture.com/id-en/careers/jobdetails?id=R00020245_en&title=Graduate+Technology+Analyst
Ireland (English),Content Review Associate - French,https://www.accenture.com/ie-en/careers/jobdetails?id=R00042098_en&title=Content+Review+Associate+-+French
Ireland (English),Content Review Associate - Danish,https://www.accenture.com/ie-en/careers/jobdetails?id=R00042564_en&title=Content+Review+Associate+-+Danish
Ireland (English),Content Review Associate - Portuguese,https://www.accenture.com/ie-en/careers/jobdetails?id=R00037532_en&title=Content+Review+Associate+-+Portuguese
Ireland (English),Social Media Support Agent Turkish,https://www.accenture.com/ie-en/careers/jobdetails?id=R00043049_en&title=Social+Media+Support+Agent+Turkish
Ireland (English),MONETIZATION ANALYST UKI,https://www.accenture.com/ie-en/careers/jobdetails?id=R00043046_en&title=MONETIZATION+ANALYST+UKI
Ireland (English),Platform Experience Associate - Copyright - Serbian,https://www.accenture.com/ie-en/careers/jobdetails?id=R00042752_en&title=Platform+Experience+Associate+-+Copyright+-+Serbian
Ireland (English),Interactive Early Talent Programme 2022,https://www.accenture.com/ie-en/careers/jobdetails?id=R00041033_en&title=Interactive+Early+Talent+Programme+2022
Ireland (English),Content Review Associate - Bulgarian,https://www.accenture.com/ie-en/careers/jobdetails?id=R00043398_en&title=Content+Review+Associate+-+Bulgarian
Ireland (English),"Global Industry Marketing Lead, Life Sciences",https://www.accenture.com/ie-en/careers/jobdetails?id=R00009339_en&title=Global+Industry+Marketing+Lead%2c+Life+Sciences
Russian Federation (Russian),Analyst Calypso,https://www.accenture.com/ru-ru/careers/jobdetails?id=R00005940_ru&title=Analyst+Calypso
Russian Federation (Russian),Java разработчик(Working),https://www.accenture.com/ru-ru/careers/jobdetails?id=R00006036_ru&title=Java+%d1%80%d0%b0%d0%b7%d1%80%d0%b0%d0%b1%d0%be%d1%82%d1%87%d0%b8%d0%ba(Working)
Russian Federation (Russian),SQL/ETL Developer,https://www.accenture.com/ru-ru/careers/jobdetails?id=R00002057_ru&title=SQL%2fETL+Developer
Russian Federation (Russian),React разработчик,https://www.accenture.com/ru-ru/careers/jobdetails?id=R00042511_ru&title=React+%d1%80%d0%b0%d0%b7%d1%80%d0%b0%d0%b1%d0%be%d1%82%d1%87%d0%b8%d0%ba
Russian Federation (Russian),Java разработчик,https://www.accenture.com/ru-ru/careers/jobdetails?id=R00042489_ru&title=Java+%d1%80%d0%b0%d0%b7%d1%80%d0%b0%d0%b1%d0%be%d1%82%d1%87%d0%b8%d0%ba
Russian Federation (Russian),Community Manager (Russia),https://www.accenture.com/ru-ru/careers/jobdetails?id=R00015435_ru&title=Community+Manager+(Russia)
Russian Federation (Russian),Middle Java Developer,https://www.accenture.com/ru-ru/careers/jobdetails?id=R00001915_ru&title=Middle+Java+Developer
Russian Federation (Russian),"Intern/Analyst (Management & Technology Consulting/ FMCG, Retail, Pharma)",https://www.accenture.com/ru-ru/careers/jobdetails?id=R00037671_ru&title=Intern%2fAnalyst+(Management+%26+Technology+Consulting%2f+FMCG%2c+Retail%2c+Pharma)
Russian Federation (Russian),Data science intern/analyst,https://www.accenture.com/ru-ru/careers/jobdetails?id=R00029085_ru&title=Data+science+intern%2fanalyst
Latvia (English),Project Management Assistant (PMO),https://www.accenture.com/lv-en/careers/jobdetails?id=R00001324_en&title=Project+Management+Assistant+(PMO)
Latvia (English),UX/UI designer,https://www.accenture.com/lv-en/careers/jobdetails?id=R00027576_en&title=UX%2fUI+designer
Latvia (English),SAP BASIS Consultant,https://www.accenture.com/lv-en/careers/jobdetails?id=R00002891_en&title=SAP+BASIS+Consultant
Latvia (English),SAP BW/ANALYTICS Consultant,https://www.accenture.com/lv-en/careers/jobdetails?id=R00002045_en&title=SAP+BW%2fANALYTICS+Consultant
Latvia (English),SAP ABAP Developer,https://www.accenture.com/lv-en/careers/jobdetails?id=R00002009_en&title=SAP+ABAP+Developer
Latvia (English),HYBRIS COMMERCE BACKEND JAVA DEVELOPER,https://www.accenture.com/lv-en/careers/jobdetails?id=R00008930_en&title=HYBRIS+COMMERCE+BACKEND+JAVA+DEVELOPER
Latvia (English),SAP Financial Accounting / Controlling Analyst,https://www.accenture.com/lv-en/careers/jobdetails?id=R00001969_en&title=SAP+Financial+Accounting+%2f+Controlling+Analyst
Latvia (English),Functional Test Engineer,https://www.accenture.com/lv-en/careers/jobdetails?id=R00000378_en&title=Functional+Test+Engineer
Latvia (English),SAP HANA/ Analytics Consultant,https://www.accenture.com/lv-en/careers/jobdetails?id=R00008942_en&title=SAP+HANA%2f+Analytics+Consultant
Luxembourg (English),Technology Internship,https://www.accenture.com/lu-en/careers/jobdetails?id=R00003195_en&title=Technology+Internship
Luxembourg (English),Consulting Internships @ Accenture Luxembourg,https://www.accenture.com/lu-en/careers/jobdetails?id=R00003203_en&title=Consulting+Internships+%40+Accenture+Luxembourg
Malaysia (English),Digital Data Reviewer - Supporting China Market (KL Sentral),https://www.accenture.com/my-en/careers/jobdetails?id=R00039726_en&title=Digital+Data+Reviewer+-+Supporting+China+Market+(KL+Sentral)
Malaysia (English),Technology Strategy Analyst,https://www.accenture.com/my-en/careers/jobdetails?id=R00024300_en&title=Technology+Strategy+Analyst
Malaysia (English),SC&O - AI Powered SC - Analyst,https://www.accenture.com/my-en/careers/jobdetails?id=R00027081_en&title=SC%26O+-+AI+Powered+SC+-+Analyst
Malaysia (English),CAP - Analyst,https://www.accenture.com/my-en/careers/jobdetails?id=R00006568_en&title=CAP+-+Analyst
Malaysia (English),Outbound Sales Development - Mandarin/Cantonese Agent,https://www.accenture.com/my-en/careers/jobdetails?id=R00000231_en&title=Outbound+Sales+Development+-+Mandarin%2fCantonese+Agent
Malaysia (English),Digital Data Reviewer (Korean),https://www.accenture.com/my-en/careers/jobdetails?id=R00000188_en&title=Digital+Data+Reviewer+(Korean)
Malaysia (English),Business Process Delivery – Vietnamese Speaker,https://www.accenture.com/my-en/careers/jobdetails?id=R00000241_en&title=Business+Process+Delivery+%e2%80%93+Vietnamese+Speaker
Malaysia (English),Data Engineering Analyst,https://www.accenture.com/my-en/careers/jobdetails?id=R00029168_en&title=Data+Engineering+Analyst
Malaysia (English),Multinational - Global Markets,https://www.accenture.com/my-en/careers/jobdetails?id=9531059_en&title=Multinational+-+Global+Markets
Mauritius (English),Business Intelligence Engineer,https://www.accenture.com/mu-en/careers/jobdetails?id=R00003520_en&title=Business+Intelligence+Engineer
Mauritius (English),Oracle ERP Cloud Consultant,https://www.accenture.com/mu-en/careers/jobdetails?id=R00004014_en&title=Oracle+ERP+Cloud+Consultant
Mauritius (English),Customer Service Associate,https://www.accenture.com/mu-en/careers/jobdetails?id=R00006585_en&title=Customer+Service+Associate
Mauritius (English),Collection Specialist,https://www.accenture.com/mu-en/careers/jobdetails?id=R00030884_en&title=Collection+Specialist
Mauritius (English),Arabic Content Moderator,https://www.accenture.com/mu-en/careers/jobdetails?id=R00004212_en&title=Arabic+Content+Moderator
Mauritius (English),Italian Customer Service Associate,https://www.accenture.com/mu-en/careers/jobdetails?id=R00004305_en&title=Italian+Customer+Service+Associate
Mauritius (English),Oracle SQL / PLSQL Developer,https://www.accenture.com/mu-en/careers/jobdetails?id=R00004146_en&title=Oracle+SQL+%2f+PLSQL+Developer
Mauritius (English),RPA Developer,https://www.accenture.com/mu-en/careers/jobdetails?id=R00004281_en&title=RPA+Developer
Mauritius (English),Supply Chain Associate,https://www.accenture.com/mu-en/careers/jobdetails?id=R00004298_en&title=Supply+Chain+Associate
Mexico (Spanish),Merida: Mobile Developer,https://www.accenture.com/mx-es/careers/jobdetails?id=9448098_es&title=Merida%3a+Mobile+Developer
Mexico (Spanish),Jr. Data Engineer,https://www.accenture.com/mx-es/careers/jobdetails?id=9480820_es&title=Jr.+Data+Engineer
Mexico (Spanish),Application Developer,https://www.accenture.com/mx-es/careers/jobdetails?id=00994040_es&title=Application+Developer
Mexico (Spanish),Application Developer,https://www.accenture.com/mx-es/careers/jobdetails?id=9335813_es&title=Application+Developer
Mexico (Spanish),Merida: .NET Fullstack Developer Senior,https://www.accenture.com/mx-es/careers/jobdetails?id=9374004_es&title=Merida%3a+.NET+Fullstack+Developer+Senior
Mexico (Spanish),Application Developer,https://www.accenture.com/mx-es/careers/jobdetails?id=9335826_es&title=Application+Developer
Mexico (Spanish),Proactive Microsoft Cloud,https://www.accenture.com/mx-es/careers/jobdetails?id=R00021393_es&title=Proactive+Microsoft+Cloud
Mexico (Spanish),Microsoft Dynamics F&O Senior,https://www.accenture.com/mx-es/careers/jobdetails?id=9335855_es&title=Microsoft+Dynamics+F%26O+Senior
Mexico (Spanish),Service Now Developer,https://www.accenture.com/mx-es/careers/jobdetails?id=9354425_es&title=Service+Now+Developer
Netherlands (English),Salesforce Technical Architect,https://www.accenture.com/nl-en/careers/jobdetails?id=R00009978_en&title=Salesforce+Technical+Architect
Netherlands (English),Liquid Studio Unity developer Internship,https://www.accenture.com/nl-en/careers/jobdetails?id=R00032719_en&title=Liquid+Studio+Unity+developer+Internship
Netherlands (English),Internship within Oracle Business Group,https://www.accenture.com/nl-en/careers/jobdetails?id=R00012935_en&title=Internship+within+Oracle+Business+Group
Netherlands (English),Cloud Security Internship,https://www.accenture.com/nl-en/careers/jobdetails?id=R00032879_en&title=Cloud+Security+Internship
Netherlands (English),Junior Data Engineer,https://www.accenture.com/nl-en/careers/jobdetails?id=R00003453_en&title=Junior+Data+Engineer
Netherlands (English),Junior Data Consultant,https://www.accenture.com/nl-en/careers/jobdetails?id=R00001025_en&title=Junior+Data+Consultant
Netherlands (English),Strategie/Consulting Analist Customer Sales & Services,https://www.accenture.com/nl-en/careers/jobdetails?id=R00009936_en&title=Strategie%2fConsulting+Analist+Customer+Sales+%26+Services
Netherlands (English),Cybersecurity Internship,https://www.accenture.com/nl-en/careers/jobdetails?id=R00012933_en&title=Cybersecurity+Internship
Netherlands (English),Junior Business Data Consultant,https://www.accenture.com/nl-en/careers/jobdetails?id=R00003343_en&title=Junior+Business+Data+Consultant
New Zealand (English),Application Support Desk Analyst - SAP,https://www.accenture.com/nz-en/careers/jobdetails?id=R00040710_en&title=Application+Support+Desk+Analyst+-+SAP
New Zealand (English),SAP Payroll/SF ECP Consultant,https://www.accenture.com/nz-en/careers/jobdetails?id=R00018011_en&title=SAP+Payroll%2fSF+ECP+Consultant
Norway (English),Graduate Consultants to Accenture Strategy & Consulting – Start August 2022,https://www.accenture.com/no-en/careers/jobdetails?id=R00042425_en&title=Graduate+Consultants+to+Accenture+Strategy+%26+Consulting+%e2%80%93+Start+August+2022
Norway (English),Graduate Consultants to Accenture Strategy & Consulting – Start January 2022,https://www.accenture.com/no-en/careers/jobdetails?id=R00042354_en&title=Graduate+Consultants+to+Accenture+Strategy+%26+Consulting+%e2%80%93+Start+January+2022
Poland (English),Junior Customer Service Specialist with English,https://www.accenture.com/pl-en/careers/jobdetails?id=R00042208_en&title=Junior+Customer+Service+Specialist+with+English
Poland (English),Junior Cash Collector with English,https://www.accenture.com/pl-en/careers/jobdetails?id=R00042242_en&title=Junior+Cash+Collector+with+English
Poland (English),Analityk Biznesowy,https://www.accenture.com/pl-en/careers/jobdetails?id=R00023397_en&title=Analityk+Biznesowy
Poland (English),Junior HR Training Specialist,https://www.accenture.com/pl-en/careers/jobdetails?id=R00042656_en&title=Junior+HR+Training+Specialist
Poland (English),Cash Collection and Dispute Associate with German,https://www.accenture.com/pl-en/careers/jobdetails?id=R00041985_en&title=Cash+Collection+and+Dispute+Associate+with+German
Poland (English),SAP Application Developer,https://www.accenture.com/pl-en/careers/jobdetails?id=9225158_en&title=SAP+Application+Developer
Poland (English),Analityk Finansowy (Data & AI Finance),https://www.accenture.com/pl-en/careers/jobdetails?id=R00042001_en&title=Analityk+Finansowy+(Data+%26+AI+Finance)
Poland (English),Praktykant w zespole rekrutacji wewnętrznej,https://www.accenture.com/pl-en/careers/jobdetails?id=R00043290_en&title=Praktykant+w+zespole+rekrutacji+wewn%c4%99trznej
Poland (English),BPS#Oaks_Collections & Disputes Associate with Danish,https://www.accenture.com/pl-en/careers/jobdetails?id=9290203_en&title=BPS%23Oaks_Collections+%26+Disputes+Associate+with+Danish
Portugal (Portuguese),Technology Graduate Programme - All engineering degrees (Lisboa),https://www.accenture.com/pt-pt/careers/jobdetails?id=R00005115_pt&title=Technology+Graduate+Programme+-+All+engineering+degrees+(Lisboa)
Portugal (Portuguese),Technology Graduate Programme - Braga,https://www.accenture.com/pt-pt/careers/jobdetails?id=R00001064_pt&title=Technology+Graduate+Programme+-+Braga
Portugal (Portuguese),Technology Graduate Programme - All engineering degrees (Braga),https://www.accenture.com/pt-pt/careers/jobdetails?id=R00002297_pt&title=Technology+Graduate+Programme+-+All+engineering+degrees+(Braga)
Portugal (Portuguese),Content Reviewer - Turkish,https://www.accenture.com/pt-pt/careers/jobdetails?id=R00041446_pt&title=Content+Reviewer+-+Turkish
Portugal (Portuguese),Salesforce Academy,https://www.accenture.com/pt-pt/careers/jobdetails?id=R00026167_pt&title=Salesforce+Academy
Portugal (Portuguese),Content Reviewer Analyst – German,https://www.accenture.com/pt-pt/careers/jobdetails?id=R00009276_pt&title=Content+Reviewer+Analyst+%e2%80%93+German
Portugal (Portuguese),Regional Data Services Engineer (Portugal),https://www.accenture.com/pt-pt/careers/jobdetails?id=00924947_pt&title=Regional+Data+Services+Engineer+(Portugal)
Portugal (Portuguese),Customer Experience Associate - Arabic,https://www.accenture.com/pt-pt/careers/jobdetails?id=R00005559_pt&title=Customer+Experience+Associate+-+Arabic
Portugal (Portuguese),Customer Experience Associate - French,https://www.accenture.com/pt-pt/careers/jobdetails?id=R00005574_pt&title=Customer+Experience+Associate+-+French
UAE (English),American University of Beirut 2021 Campaign - Strategy Analyst,https://www.accenture.com/ae-en/careers/jobdetails?id=R00041919_en&title=American+University+of+Beirut+2021+Campaign+-+Strategy+Analyst
Romania (English),Accounts Receivable Associate with French,https://www.accenture.com/ro-en/careers/jobdetails?id=9456940_en&title=Accounts+Receivable+Associate+with+French
Romania (English),Talent Connector Analyst with Portuguese,https://www.accenture.com/ro-en/careers/jobdetails?id=9528917_en&title=Talent+Connector+Analyst+with+Portuguese
Romania (English),Collections & Disputes Officer with Portuguese,https://www.accenture.com/ro-en/careers/jobdetails?id=9622892_en&title=Collections+%26+Disputes+Officer+with+Portuguese
Romania (English),Transaction Processing Associate with Russian,https://www.accenture.com/ro-en/careers/jobdetails?id=9613961_en&title=Transaction+Processing+Associate+with+Russian
Romania (English),Business Analyst,https://www.accenture.com/ro-en/careers/jobdetails?id=9524337_en&title=Business+Analyst
Romania (English),Recruitment Officer with German,https://www.accenture.com/ro-en/careers/jobdetails?id=R00012406_en&title=Recruitment+Officer+with+German
Romania (English),HR Generalist with Spanish,https://www.accenture.com/ro-en/careers/jobdetails?id=R00004543_en&title=HR+Generalist+with+Spanish
Romania (English),Talent Connector Analyst with Italian,https://www.accenture.com/ro-en/careers/jobdetails?id=9535680_en&title=Talent+Connector+Analyst+with+Italian
Romania (English),Software Test Engineer with German,https://www.accenture.com/ro-en/careers/jobdetails?id=R00041975_en&title=Software+Test+Engineer+with+German
Saudi Arabia (English),Intern,https://www.accenture.com/sa-en/careers/jobdetails?id=R00014601_en&title=Intern
Saudi Arabia (English),Application development New associate,https://www.accenture.com/sa-en/careers/jobdetails?id=9433590_en&title=Application+development+New+associate
Singapore (English),Premier Partner Ops - News Page Index Tagalog,https://www.accenture.com/sg-en/careers/jobdetails?id=R00043248_en&title=Premier+Partner+Ops+-+News+Page+Index+Tagalog
Singapore (English),Business Strategy Analyst,https://www.accenture.com/sg-en/careers/jobdetails?id=9385738_en&title=Business+Strategy+Analyst
Singapore (English),GPS Associate,https://www.accenture.com/sg-en/careers/jobdetails?id=R00024813_en&title=GPS+Associate
Singapore (English),Mobility - Case Coordinator,https://www.accenture.com/sg-en/careers/jobdetails?id=R00025734_en&title=Mobility+-+Case+Coordinator
Singapore (English),GPS Associate (Fresh Graduates),https://www.accenture.com/sg-en/careers/jobdetails?id=R00012632_en&title=GPS+Associate+(Fresh+Graduates)
Singapore (English),Buy Desk Analyst,https://www.accenture.com/sg-en/careers/jobdetails?id=R00030878_en&title=Buy+Desk+Analyst
Singapore (English),CDS Agent - Chinese,https://www.accenture.com/sg-en/careers/jobdetails?id=R00030893_en&title=CDS+Agent+-+Chinese
Singapore (English),Customer Service Analyst,https://www.accenture.com/sg-en/careers/jobdetails?id=R00039413_en&title=Customer+Service+Analyst
Singapore (English),General Support Operations Burmese,https://www.accenture.com/sg-en/careers/jobdetails?id=R00012618_en&title=General+Support+Operations+Burmese
Slovakia (English),Java Developer (KE/BA/Home Office),https://www.accenture.com/sk-en/careers/jobdetails?id=R00043013_en&title=Java+Developer+(KE%2fBA%2fHome+Office)
Slovakia (English),Junior Integration Developer (Java/C++),https://www.accenture.com/sk-en/careers/jobdetails?id=R00043647_en&title=Junior+Integration+Developer+(Java%2fC%2b%2b)
Slovakia (English),Blockchain/DLT Developer [Online/phone recruitment],https://www.accenture.com/sk-en/careers/jobdetails?id=R00012011_en&title=Blockchain%2fDLT+Developer+%5bOnline%2fphone+recruitment%5d
Slovakia (English),Marketing and Communications: People Communications,https://www.accenture.com/sk-en/careers/jobdetails?id=R00011515_en&title=Marketing+and+Communications%3a+People+Communications
Slovakia (English),Senior SW Developer ready for the NEXT LEVEL? Kosice,https://www.accenture.com/sk-en/careers/jobdetails?id=R00012481_en&title=Senior+SW+Developer+ready+for+the+NEXT+LEVEL%3f+Kosice
Slovakia (English),Junior Software Developer,https://www.accenture.com/sk-en/careers/jobdetails?id=R00000638_en&title=Junior+Software+Developer
Slovakia (English),Integration Developer (Java/C++),https://www.accenture.com/sk-en/careers/jobdetails?id=R00011454_en&title=Integration+Developer+(Java%2fC%2b%2b)
Slovakia (English),Junior IT Consultant,https://www.accenture.com/sk-en/careers/jobdetails?id=R00009033_en&title=Junior+IT+Consultant
Slovakia (English),Training Coordinator Support (Opportunity for Students),https://www.accenture.com/sk-en/careers/jobdetails?id=R00012907_en&title=Training+Coordinator+Support+(Opportunity+for+Students)
South Africa (English),Accenture Education Trust Scholarship 2022,https://www.accenture.com/za-en/careers/jobdetails?id=R00030734_en&title=Accenture+Education+Trust+Scholarship+2022
South Africa (English),Infrastructure Automation Analyst,https://www.accenture.com/za-en/careers/jobdetails?id=R00024920_en&title=Infrastructure+Automation+Analyst
Sweden (English),Creative Junior Copywriter,https://www.accenture.com/se-en/careers/jobdetails?id=R00042565_en&title=Creative+Junior+Copywriter
Sweden (English),Accenture Applied Intelligence is looking for AI strategy advisors,https://www.accenture.com/se-en/careers/jobdetails?id=R00041715_en&title=Accenture+Applied+Intelligence+is+looking+for+AI+strategy+advisors
Sweden (English),Marketing Developer,https://www.accenture.com/se-en/careers/jobdetails?id=R00001422_en&title=Marketing+Developer
Sweden (English),Oracle BRM Business Analyst,https://www.accenture.com/se-en/careers/jobdetails?id=R00017471_en&title=Oracle+BRM+Business+Analyst
Sweden (English),Junior Marketing & Communications Assistant,https://www.accenture.com/se-en/careers/jobdetails?id=R00038721_en&title=Junior+Marketing+%26+Communications+Assistant
Sweden (English),Juniora Konsulter till Accenture Salesforce Business Group,https://www.accenture.com/se-en/careers/jobdetails?id=R00029137_en&title=Juniora+Konsulter+till+Accenture+Salesforce+Business+Group
Switzerland (English),"Lehrstelle Informatikerin EFZ, Applikationsentwicklung (all genders)",https://www.accenture.com/ch-en/careers/jobdetails?id=R00042375_en&title=Lehrstelle+Informatikerin+EFZ%2c+Applikationsentwicklung+(all+genders)
Switzerland (English),"HR Management, Change Management & Learning Consultant (all genders)",https://www.accenture.com/ch-en/careers/jobdetails?id=R00037527_en&title=HR+Management%2c+Change+Management+%26+Learning+Consultant+(all+genders)
Switzerland (English),"Consultant Data, Analytics and Media (all genders)",https://www.accenture.com/ch-en/careers/jobdetails?id=R00041951_en&title=Consultant+Data%2c+Analytics+and+Media+(all+genders)
Switzerland (English),Junior Consultant Telekommunikationsindustrie (all Genders),https://www.accenture.com/ch-en/careers/jobdetails?id=R00013359_en&title=Junior+Consultant+Telekommunikationsindustrie+(all+Genders)
Switzerland (English),Business and Integration Technology Consultant (all genders),https://www.accenture.com/ch-en/careers/jobdetails?id=R00018250_en&title=Business+and+Integration+Technology+Consultant+(all+genders)
Switzerland (English),Junior iOS Application Developer (all genders),https://www.accenture.com/ch-en/careers/jobdetails?id=R00011543_en&title=Junior+iOS+Application+Developer+(all+genders)
Switzerland (English),Consultant Digital Commerce (all genders),https://www.accenture.com/ch-en/careers/jobdetails?id=R00041955_en&title=Consultant+Digital+Commerce+(all+genders)
Switzerland (English),Assistenz der Geschäftsführung / Executive Assistant (all genders),https://www.accenture.com/ch-en/careers/jobdetails?id=R00027314_en&title=Assistenz+der+Gesch%c3%a4ftsf%c3%bchrung+%2f+Executive+Assistant+(all+genders)
Switzerland (English),Junior Consultant (all genders) Financial Services,https://www.accenture.com/ch-en/careers/jobdetails?id=R00034432_en&title=Junior+Consultant+(all+genders)+Financial+Services
Thailand (English),ATC Thailand - Managed Security / Threat Operation,https://www.accenture.com/th-en/careers/jobdetails?id=R00038133_en&title=ATC+Thailand+-+Managed+Security+%2f+Threat+Operation
Thailand (English),ATC Thailand - Back End Developer,https://www.accenture.com/th-en/careers/jobdetails?id=R00038140_en&title=ATC+Thailand+-+Back+End+Developer
Thailand (English),React Developer,https://www.accenture.com/th-en/careers/jobdetails?id=R00003887_en&title=React+Developer
Thailand (English),ATC Thailand - iOS Developer,https://www.accenture.com/th-en/careers/jobdetails?id=R00038144_en&title=ATC+Thailand+-+iOS+Developer
Thailand (English),ATC Thailand - Cloud Infrastructure Engineer,https://www.accenture.com/th-en/careers/jobdetails?id=R00038143_en&title=ATC+Thailand+-+Cloud+Infrastructure+Engineer
Thailand (English),Application Developer New Graduate Opportunities 2021,https://www.accenture.com/th-en/careers/jobdetails?id=R00003912_en&title=Application+Developer+New+Graduate+Opportunities+2021
Thailand (English),ATC Thailand - Front End Developer,https://www.accenture.com/th-en/careers/jobdetails?id=R00038137_en&title=ATC+Thailand+-+Front+End+Developer
Thailand (English),ATC Thailand - Android Developer,https://www.accenture.com/th-en/careers/jobdetails?id=R00038148_en&title=ATC+Thailand+-+Android+Developer
Thailand (English),Sales & Marketing Agent - Vietnamese,https://www.accenture.com/th-en/careers/jobdetails?id=R00015450_en&title=Sales+%26+Marketing+Agent+-+Vietnamese
United Kingdom (English),Content Editor,https://www.accenture.com/gb-en/careers/jobdetails?id=R00043336_en&title=Content+Editor
United Kingdom (English),Newcastle Software Engineering Graduate Programme 2021-2022,https://www.accenture.com/gb-en/careers/jobdetails?id=R00021882_en&title=Newcastle+Software+Engineering+Graduate+Programme+2021-2022
United Kingdom (English),Customer Service Advisor,https://www.accenture.com/gb-en/careers/jobdetails?id=R00037951_en&title=Customer+Service+Advisor
United Kingdom (English),Newcastle Software Engineering Graduate Programme 2021-2022,https://www.accenture.com/gb-en/careers/jobdetails?id=R00043648_en&title=Newcastle+Software+Engineering+Graduate+Programme+2021-2022
United Kingdom (English),Sales Ops Promotions Analyst,https://www.accenture.com/gb-en/careers/jobdetails?id=R00043386_en&title=Sales+Ops+Promotions+Analyst
United Kingdom (English),Sales Support Analyst,https://www.accenture.com/gb-en/careers/jobdetails?id=R00030477_en&title=Sales+Support+Analyst
United Kingdom (English),Europe Category Ass. Manager,https://www.accenture.com/gb-en/careers/jobdetails?id=R00013997_en&title=Europe+Category+Ass.+Manager
United Kingdom (English),Customer Service Advisor,https://www.accenture.com/gb-en/careers/jobdetails?id=R00022350_en&title=Customer+Service+Advisor
United Kingdom (English),Customer Service Subject Matter Expert (SME),https://www.accenture.com/gb-en/careers/jobdetails?id=R00022746_en&title=Customer+Service+Subject+Matter+Expert+(SME)
USA (English),Content Review Associate-Bilingual: English/Russian-RTOVX,https://www.accenture.com/us-en/careers/jobdetails?id=R00042383_en&title=Content+Review+Associate-Bilingual%3a+English%2fRussian-RTOVX
USA (English),Collections Support Practitioner,https://www.accenture.com/us-en/careers/jobdetails?id=9615209_en&title=Collections+Support+Practitioner
USA (English),Data Engineer  - 3815779,https://www.accenture.com/us-en/careers/jobdetails?id=9354863_en&title=Data+Engineer++-+3815779
USA (English),Jr. Quality Assurance Associate - Trust and Safety,https://www.accenture.com/us-en/careers/jobdetails?id=9588308_en&title=Jr.+Quality+Assurance+Associate+-+Trust+and+Safety
USA (English),Accenture Strategy Analyst Development Program - Strategy Summer Analyst - Former Summer Analyst,https://www.accenture.com/us-en/careers/jobdetails?id=R00042154_en&title=Accenture+Strategy+Analyst+Development+Program+-+Strategy+Summer+Analyst+-+Former+Summer+Analyst
USA (English),Executive Assistant/Office Coordinator,https://www.accenture.com/us-en/careers/jobdetails?id=R00038387_en&title=Executive+Assistant%2fOffice+Coordinator
USA (English),Legal Compliance New Associate,https://www.accenture.com/us-en/careers/jobdetails?id=R00020512_en&title=Legal+Compliance+New+Associate
USA (English),Lobby Management Support Analyst - 3919793,https://www.accenture.com/us-en/careers/jobdetails?id=9595257_en&title=Lobby+Management+Support+Analyst+-+3919793
USA (English),Accenture Strategy Analyst Development Program - Strategy Analyst - University of Chicago - Midwest - Chicago,https://www.accenture.com/us-en/careers/jobdetails?id=R00039153_en&title=Accenture+Strategy+Analyst+Development+Program+-+Strategy+Analyst+-+University+of+Chicago+-+Midwest+-+Chicago
